onset,duration,description
2024-17-04 00:00:00,30.0,W
2024-17-04 00:00:30,30.0,W
2024-17-04 00:01:00,30.0,W
2024-17-04 00:01:30,30.0,W
2024-17-04 00:02:00,30.0,W
2024-17-04 00:02:30,30.0,W
2024-17-04 00:03:00,30.0,W
2024-17-04 00:03:30,30.0,W
2024-17-04 00:04:00,30.0,W
2024-17-04 00:04:30,30.0,W
2024-17-04 00:05:00,30.0,W
2024-17-04 00:05:30,30.0,1
2024-17-04 00:06:00,30.0,1
2024-17-04 00:06:30,30.0,1
2024-17-04 00:07:00,30.0,1
2024-17-04 00:07:30,30.0,1
2024-17-04 00:08:00,30.0,1
2024-17-04 00:08:30,30.0,1
2024-17-04 00:09:00,30.0,2
2024-17-04 00:09:30,30.0,2
2024-17-04 00:10:00,30.0,2
2024-17-04 00:10:30,30.0,2
2024-17-04 00:11:00,30.0,2
2024-17-04 00:11:30,30.0,2
2024-17-04 00:12:00,30.0,2
2024-17-04 00:12:30,30.0,2
2024-17-04 00:13:00,30.0,2
2024-17-04 00:13:30,30.0,2
2024-17-04 00:14:00,30.0,2
2024-17-04 00:14:30,30.0,2
2024-17-04 00:15:00,30.0,2
2024-17-04 00:15:30,30.0,2
2024-17-04 00:16:00,30.0,2
2024-17-04 00:16:30,30.0,2
2024-17-04 00:17:00,30.0,2
2024-17-04 00:17:30,30.0,2
2024-17-04 00:18:00,30.0,2
2024-17-04 00:18:30,30.0,2
2024-17-04 00:19:00,30.0,2
2024-17-04 00:19:30,30.0,2
2024-17-04 00:20:00,30.0,3
2024-17-04 00:20:30,30.0,3
2024-17-04 00:21:00,30.0,3
2024-17-04 00:21:30,30.0,3
2024-17-04 00:22:00,30.0,3
2024-17-04 00:22:30,30.0,3
2024-17-04 00:23:00,30.0,3
2024-17-04 00:23:30,30.0,3
2024-17-04 00:24:00,30.0,3
2024-17-04 00:24:30,30.0,3
2024-17-04 00:25:00,30.0,3
2024-17-04 00:25:30,30.0,3
2024-17-04 00:26:00,30.0,3
2024-17-04 00:26:30,30.0,3
2024-17-04 00:27:00,30.0,3
2024-17-04 00:27:30,30.0,3
2024-17-04 00:28:00,30.0,3
2024-17-04 00:28:30,30.0,3
2024-17-04 00:29:00,30.0,3
2024-17-04 00:29:30,30.0,3
2024-17-04 00:30:00,30.0,3
2024-17-04 00:30:30,30.0,3
2024-17-04 00:31:00,30.0,3
2024-17-04 00:31:30,30.0,3
2024-17-04 00:32:00,30.0,3
2024-17-04 00:32:30,30.0,3
2024-17-04 00:33:00,30.0,3
2024-17-04 00:33:30,30.0,3
2024-17-04 00:34:00,30.0,3
2024-17-04 00:34:30,30.0,3
2024-17-04 00:35:00,30.0,3
2024-17-04 00:35:30,30.0,3
2024-17-04 00:36:00,30.0,3
2024-17-04 00:36:30,30.0,3
2024-17-04 00:37:00,30.0,3
2024-17-04 00:37:30,30.0,3
2024-17-04 00:38:00,30.0,3
2024-17-04 00:38:30,30.0,3
2024-17-04 00:39:00,30.0,3
2024-17-04 00:39:30,30.0,3
2024-17-04 00:40:00,30.0,3
2024-17-04 00:40:30,30.0,3
2024-17-04 00:41:00,30.0,3
2024-17-04 00:41:30,30.0,3
2024-17-04 00:42:00,30.0,3
2024-17-04 00:42:30,30.0,3
2024-17-04 00:43:00,30.0,3
2024-17-04 00:43:30,30.0,3
2024-17-04 00:44:00,30.0,3
2024-17-04 00:44:30,30.0,3
2024-17-04 00:45:00,30.0,2
2024-17-04 00:45:30,30.0,2
2024-17-04 00:46:00,30.0,2
2024-17-04 00:46:30,30.0,2
2024-17-04 00:47:00,30.0,2
2024-17-04 00:47:30,30.0,2
2024-17-04 00:48:00,30.0,2
2024-17-04 00:48:30,30.0,2
2024-17-04 00:49:00,30.0,2
2024-17-04 00:49:30,30.0,2
2024-17-04 00:50:00,30.0,2
2024-17-04 00:50:30,30.0,R
2024-17-04 00:51:00,30.0,R
2024-17-04 00:51:30,30.0,R
2024-17-04 00:52:00,30.0,R
2024-17-04 00:52:30,30.0,R
2024-17-04 00:53:00,30.0,R
2024-17-04 00:53:30,30.0,R
2024-17-04 00:54:00,30.0,R
2024-17-04 00:54:30,30.0,R
2024-17-04 00:55:00,30.0,R
2024-17-04 00:55:30,30.0,R
2024-17-04 00:56:00,30.0,R
2024-17-04 00:56:30,30.0,R
2024-17-04 00:57:00,30.0,R
2024-17-04 00:57:30,30.0,R
2024-17-04 00:58:00,30.0,R
2024-17-04 00:58:30,30.0,R
2024-17-04 00:59:00,30.0,R
2024-17-04 00:59:30,30.0,R
2024-17-04 01:00:00,30.0,R
2024-17-04 01:00:30,30.0,R
2024-17-04 01:01:00,30.0,R
2024-17-04 01:01:30,30.0,R
2024-17-04 01:02:00,30.0,R
2024-17-04 01:02:30,30.0,R
2024-17-04 01:03:00,30.0,R
2024-17-04 01:03:30,30.0,R
2024-17-04 01:04:00,30.0,R
2024-17-04 01:04:30,30.0,R
2024-17-04 01:05:00,30.0,R
2024-17-04 01:05:30,30.0,W
2024-17-04 01:06:00,30.0,W
2024-17-04 01:06:30,30.0,W
2024-17-04 01:07:00,30.0,1
2024-17-04 01:07:30,30.0,1
2024-17-04 01:08:00,30.0,1
2024-17-04 01:08:30,30.0,1
2024-17-04 01:09:00,30.0,1
2024-17-04 01:09:30,30.0,1
2024-17-04 01:10:00,30.0,1
2024-17-04 01:10:30,30.0,1
2024-17-04 01:11:00,30.0,1
2024-17-04 01:11:30,30.0,2
2024-17-04 01:12:00,30.0,2
2024-17-04 01:12:30,30.0,2
2024-17-04 01:13:00,30.0,2
2024-17-04 01:13:30,30.0,2
2024-17-04 01:14:00,30.0,2
2024-17-04 01:14:30,30.0,2
2024-17-04 01:15:00,30.0,2
2024-17-04 01:15:30,30.0,2
2024-17-04 01:16:00,30.0,2
2024-17-04 01:16:30,30.0,2
2024-17-04 01:17:00,30.0,2
2024-17-04 01:17:30,30.0,2
2024-17-04 01:18:00,30.0,2
2024-17-04 01:18:30,30.0,2
2024-17-04 01:19:00,30.0,2
2024-17-04 01:19:30,30.0,2
2024-17-04 01:20:00,30.0,2
2024-17-04 01:20:30,30.0,2
2024-17-04 01:21:00,30.0,2
2024-17-04 01:21:30,30.0,2
2024-17-04 01:22:00,30.0,2
2024-17-04 01:22:30,30.0,2
2024-17-04 01:23:00,30.0,2
2024-17-04 01:23:30,30.0,2
2024-17-04 01:24:00,30.0,2
2024-17-04 01:24:30,30.0,2
2024-17-04 01:25:00,30.0,2
2024-17-04 01:25:30,30.0,2
2024-17-04 01:26:00,30.0,2
2024-17-04 01:26:30,30.0,2
2024-17-04 01:27:00,30.0,2
2024-17-04 01:27:30,30.0,2
2024-17-04 01:28:00,30.0,2
2024-17-04 01:28:30,30.0,2
2024-17-04 01:29:00,30.0,2
2024-17-04 01:29:30,30.0,2
2024-17-04 01:30:00,30.0,2
2024-17-04 01:30:30,30.0,2
2024-17-04 01:31:00,30.0,2
2024-17-04 01:31:30,30.0,2
2024-17-04 01:32:00,30.0,2
2024-17-04 01:32:30,30.0,2
2024-17-04 01:33:00,30.0,3
2024-17-04 01:33:30,30.0,3
2024-17-04 01:34:00,30.0,3
2024-17-04 01:34:30,30.0,3
2024-17-04 01:35:00,30.0,3
2024-17-04 01:35:30,30.0,3
2024-17-04 01:36:00,30.0,3
2024-17-04 01:36:30,30.0,3
2024-17-04 01:37:00,30.0,3
2024-17-04 01:37:30,30.0,3
2024-17-04 01:38:00,30.0,3
2024-17-04 01:38:30,30.0,3
2024-17-04 01:39:00,30.0,3
2024-17-04 01:39:30,30.0,3
2024-17-04 01:40:00,30.0,3
2024-17-04 01:40:30,30.0,3
2024-17-04 01:41:00,30.0,3
2024-17-04 01:41:30,30.0,3
2024-17-04 01:42:00,30.0,3
2024-17-04 01:42:30,30.0,3
2024-17-04 01:43:00,30.0,3
2024-17-04 01:43:30,30.0,3
2024-17-04 01:44:00,30.0,3
2024-17-04 01:44:30,30.0,3
2024-17-04 01:45:00,30.0,3
2024-17-04 01:45:30,30.0,3
2024-17-04 01:46:00,30.0,3
2024-17-04 01:46:30,30.0,3
2024-17-04 01:47:00,30.0,3
2024-17-04 01:47:30,30.0,3
2024-17-04 01:48:00,30.0,3
2024-17-04 01:48:30,30.0,3
2024-17-04 01:49:00,30.0,3
2024-17-04 01:49:30,30.0,3
2024-17-04 01:50:00,30.0,3
2024-17-04 01:50:30,30.0,3
2024-17-04 01:51:00,30.0,3
2024-17-04 01:51:30,30.0,3
2024-17-04 01:52:00,30.0,3
2024-17-04 01:52:30,30.0,3
2024-17-04 01:53:00,30.0,2
2024-17-04 01:53:30,30.0,2
2024-17-04 01:54:00,30.0,2
2024-17-04 01:54:30,30.0,2
2024-17-04 01:55:00,30.0,2
2024-17-04 01:55:30,30.0,2
2024-17-04 01:56:00,30.0,2
2024-17-04 01:56:30,30.0,2
2024-17-04 01:57:00,30.0,2
2024-17-04 01:57:30,30.0,2
2024-17-04 01:58:00,30.0,2
2024-17-04 01:58:30,30.0,2
2024-17-04 01:59:00,30.0,2
2024-17-04 01:59:30,30.0,2
2024-17-04 02:00:00,30.0,2
2024-17-04 02:00:30,30.0,2
2024-17-04 02:01:00,30.0,2
2024-17-04 02:01:30,30.0,2
2024-17-04 02:02:00,30.0,2
2024-17-04 02:02:30,30.0,R
2024-17-04 02:03:00,30.0,R
2024-17-04 02:03:30,30.0,R
2024-17-04 02:04:00,30.0,R
2024-17-04 02:04:30,30.0,R
2024-17-04 02:05:00,30.0,R
2024-17-04 02:05:30,30.0,R
2024-17-04 02:06:00,30.0,R
2024-17-04 02:06:30,30.0,R
2024-17-04 02:07:00,30.0,R
2024-17-04 02:07:30,30.0,R
2024-17-04 02:08:00,30.0,R
2024-17-04 02:08:30,30.0,R
2024-17-04 02:09:00,30.0,R
2024-17-04 02:09:30,30.0,R
2024-17-04 02:10:00,30.0,R
2024-17-04 02:10:30,30.0,R
2024-17-04 02:11:00,30.0,R
2024-17-04 02:11:30,30.0,R
2024-17-04 02:12:00,30.0,R
2024-17-04 02:12:30,30.0,R
2024-17-04 02:13:00,30.0,R
2024-17-04 02:13:30,30.0,R
2024-17-04 02:14:00,30.0,R
2024-17-04 02:14:30,30.0,R
2024-17-04 02:15:00,30.0,R
2024-17-04 02:15:30,30.0,R
2024-17-04 02:16:00,30.0,R
2024-17-04 02:16:30,30.0,R
2024-17-04 02:17:00,30.0,R
2024-17-04 02:17:30,30.0,W
2024-17-04 02:18:00,30.0,1
2024-17-04 02:18:30,30.0,1
2024-17-04 02:19:00,30.0,1
2024-17-04 02:19:30,30.0,1
2024-17-04 02:20:00,30.0,1
2024-17-04 02:20:30,30.0,1
2024-17-04 02:21:00,30.0,2
2024-17-04 02:21:30,30.0,2
2024-17-04 02:22:00,30.0,2
2024-17-04 02:22:30,30.0,2
2024-17-04 02:23:00,30.0,2
2024-17-04 02:23:30,30.0,2
2024-17-04 02:24:00,30.0,2
2024-17-04 02:24:30,30.0,2
2024-17-04 02:25:00,30.0,2
2024-17-04 02:25:30,30.0,2
2024-17-04 02:26:00,30.0,2
2024-17-04 02:26:30,30.0,2
2024-17-04 02:27:00,30.0,2
2024-17-04 02:27:30,30.0,2
2024-17-04 02:28:00,30.0,2
2024-17-04 02:28:30,30.0,2
2024-17-04 02:29:00,30.0,2
2024-17-04 02:29:30,30.0,2
2024-17-04 02:30:00,30.0,2
2024-17-04 02:30:30,30.0,2
2024-17-04 02:31:00,30.0,2
2024-17-04 02:31:30,30.0,2
2024-17-04 02:32:00,30.0,2
2024-17-04 02:32:30,30.0,2
2024-17-04 02:33:00,30.0,3
2024-17-04 02:33:30,30.0,3
2024-17-04 02:34:00,30.0,3
2024-17-04 02:34:30,30.0,3
2024-17-04 02:35:00,30.0,3
2024-17-04 02:35:30,30.0,3
2024-17-04 02:36:00,30.0,3
2024-17-04 02:36:30,30.0,3
2024-17-04 02:37:00,30.0,3
2024-17-04 02:37:30,30.0,3
2024-17-04 02:38:00,30.0,3
2024-17-04 02:38:30,30.0,3
2024-17-04 02:39:00,30.0,3
2024-17-04 02:39:30,30.0,3
2024-17-04 02:40:00,30.0,3
2024-17-04 02:40:30,30.0,3
2024-17-04 02:41:00,30.0,3
2024-17-04 02:41:30,30.0,3
2024-17-04 02:42:00,30.0,3
2024-17-04 02:42:30,30.0,3
2024-17-04 02:43:00,30.0,3
2024-17-04 02:43:30,30.0,3
2024-17-04 02:44:00,30.0,3
2024-17-04 02:44:30,30.0,3
2024-17-04 02:45:00,30.0,3
2024-17-04 02:45:30,30.0,3
2024-17-04 02:46:00,30.0,3
2024-17-04 02:46:30,30.0,3
2024-17-04 02:47:00,30.0,3
2024-17-04 02:47:30,30.0,3
2024-17-04 02:48:00,30.0,2
2024-17-04 02:48:30,30.0,2
2024-17-04 02:49:00,30.0,2
2024-17-04 02:49:30,30.0,2
2024-17-04 02:50:00,30.0,2
2024-17-04 02:50:30,30.0,2
2024-17-04 02:51:00,30.0,2
2024-17-04 02:51:30,30.0,2
2024-17-04 02:52:00,30.0,2
2024-17-04 02:52:30,30.0,2
2024-17-04 02:53:00,30.0,2
2024-17-04 02:53:30,30.0,2
2024-17-04 02:54:00,30.0,2
2024-17-04 02:54:30,30.0,2
2024-17-04 02:55:00,30.0,2
2024-17-04 02:55:30,30.0,2
2024-17-04 02:56:00,30.0,2
2024-17-04 02:56:30,30.0,2
2024-17-04 02:57:00,30.0,2
2024-17-04 02:57:30,30.0,R
2024-17-04 02:58:00,30.0,R
2024-17-04 02:58:30,30.0,R
2024-17-04 02:59:00,30.0,R
2024-17-04 02:59:30,30.0,R
2024-17-04 03:00:00,30.0,R
2024-17-04 03:00:30,30.0,R
2024-17-04 03:01:00,30.0,R
2024-17-04 03:01:30,30.0,R
2024-17-04 03:02:00,30.0,R
2024-17-04 03:02:30,30.0,R
2024-17-04 03:03:00,30.0,R
2024-17-04 03:03:30,30.0,R
2024-17-04 03:04:00,30.0,R
2024-17-04 03:04:30,30.0,R
2024-17-04 03:05:00,30.0,R
2024-17-04 03:05:30,30.0,R
2024-17-04 03:06:00,30.0,R
2024-17-04 03:06:30,30.0,R
2024-17-04 03:07:00,30.0,R
2024-17-04 03:07:30,30.0,R
2024-17-04 03:08:00,30.0,R
2024-17-04 03:08:30,30.0,R
2024-17-04 03:09:00,30.0,R
2024-17-04 03:09:30,30.0,R
2024-17-04 03:10:00,30.0,R
2024-17-04 03:10:30,30.0,R
2024-17-04 03:11:00,30.0,R
2024-17-04 03:11:30,30.0,R
2024-17-04 03:12:00,30.0,R
2024-17-04 03:12:30,30.0,W
2024-17-04 03:13:00,30.0,W
2024-17-04 03:13:30,30.0,1
2024-17-04 03:14:00,30.0,1
2024-17-04 03:14:30,30.0,1
2024-17-04 03:15:00,30.0,1
2024-17-04 03:15:30,30.0,1
2024-17-04 03:16:00,30.0,1
2024-17-04 03:16:30,30.0,2
2024-17-04 03:17:00,30.0,2
2024-17-04 03:17:30,30.0,2
2024-17-04 03:18:00,30.0,2
2024-17-04 03:18:30,30.0,2
2024-17-04 03:19:00,30.0,2
2024-17-04 03:19:30,30.0,2
2024-17-04 03:20:00,30.0,2
2024-17-04 03:20:30,30.0,2
2024-17-04 03:21:00,30.0,2
2024-17-04 03:21:30,30.0,2
2024-17-04 03:22:00,30.0,2
2024-17-04 03:22:30,30.0,2
2024-17-04 03:23:00,30.0,2
2024-17-04 03:23:30,30.0,2
2024-17-04 03:24:00,30.0,2
2024-17-04 03:24:30,30.0,2
2024-17-04 03:25:00,30.0,2
2024-17-04 03:25:30,30.0,2
2024-17-04 03:26:00,30.0,2
2024-17-04 03:26:30,30.0,2
2024-17-04 03:27:00,30.0,2
2024-17-04 03:27:30,30.0,2
2024-17-04 03:28:00,30.0,2
2024-17-04 03:28:30,30.0,2
2024-17-04 03:29:00,30.0,2
2024-17-04 03:29:30,30.0,2
2024-17-04 03:30:00,30.0,3
2024-17-04 03:30:30,30.0,3
2024-17-04 03:31:00,30.0,3
2024-17-04 03:31:30,30.0,3
2024-17-04 03:32:00,30.0,3
2024-17-04 03:32:30,30.0,3
2024-17-04 03:33:00,30.0,3
2024-17-04 03:33:30,30.0,3
2024-17-04 03:34:00,30.0,3
2024-17-04 03:34:30,30.0,3
2024-17-04 03:35:00,30.0,3
2024-17-04 03:35:30,30.0,3
2024-17-04 03:36:00,30.0,3
2024-17-04 03:36:30,30.0,3
2024-17-04 03:37:00,30.0,3
2024-17-04 03:37:30,30.0,3
2024-17-04 03:38:00,30.0,3
2024-17-04 03:38:30,30.0,3
2024-17-04 03:39:00,30.0,3
2024-17-04 03:39:30,30.0,3
2024-17-04 03:40:00,30.0,2
2024-17-04 03:40:30,30.0,2
2024-17-04 03:41:00,30.0,2
2024-17-04 03:41:30,30.0,2
2024-17-04 03:42:00,30.0,2
2024-17-04 03:42:30,30.0,2
2024-17-04 03:43:00,30.0,2
2024-17-04 03:43:30,30.0,2
2024-17-04 03:44:00,30.0,2
2024-17-04 03:44:30,30.0,2
2024-17-04 03:45:00,30.0,2
2024-17-04 03:45:30,30.0,2
2024-17-04 03:46:00,30.0,2
2024-17-04 03:46:30,30.0,R
2024-17-04 03:47:00,30.0,R
2024-17-04 03:47:30,30.0,R
2024-17-04 03:48:00,30.0,R
2024-17-04 03:48:30,30.0,R
2024-17-04 03:49:00,30.0,R
2024-17-04 03:49:30,30.0,R
2024-17-04 03:50:00,30.0,R
2024-17-04 03:50:30,30.0,R
2024-17-04 03:51:00,30.0,R
2024-17-04 03:51:30,30.0,R
2024-17-04 03:52:00,30.0,R
2024-17-04 03:52:30,30.0,R
2024-17-04 03:53:00,30.0,R
2024-17-04 03:53:30,30.0,R
2024-17-04 03:54:00,30.0,R
2024-17-04 03:54:30,30.0,R
2024-17-04 03:55:00,30.0,R
2024-17-04 03:55:30,30.0,R
2024-17-04 03:56:00,30.0,R
2024-17-04 03:56:30,30.0,R
2024-17-04 03:57:00,30.0,R
2024-17-04 03:57:30,30.0,R
2024-17-04 03:58:00,30.0,R
2024-17-04 03:58:30,30.0,R
2024-17-04 03:59:00,30.0,R
2024-17-04 03:59:30,30.0,R
2024-17-04 04:00:00,30.0,R
2024-17-04 04:00:30,30.0,R
2024-17-04 04:01:00,30.0,R
2024-17-04 04:01:30,30.0,W
2024-17-04 04:02:00,30.0,W
2024-17-04 04:02:30,30.0,W
2024-17-04 04:03:00,30.0,W
2024-17-04 04:03:30,30.0,1
2024-17-04 04:04:00,30.0,1
2024-17-04 04:04:30,30.0,1
2024-17-04 04:05:00,30.0,1
2024-17-04 04:05:30,30.0,1
2024-17-04 04:06:00,30.0,1
2024-17-04 04:06:30,30.0,1
2024-17-04 04:07:00,30.0,2
2024-17-04 04:07:30,30.0,2
2024-17-04 04:08:00,30.0,2
2024-17-04 04:08:30,30.0,2
2024-17-04 04:09:00,30.0,2
2024-17-04 04:09:30,30.0,2
2024-17-04 04:10:00,30.0,2
2024-17-04 04:10:30,30.0,2
2024-17-04 04:11:00,30.0,2
2024-17-04 04:11:30,30.0,2
2024-17-04 04:12:00,30.0,2
2024-17-04 04:12:30,30.0,2
2024-17-04 04:13:00,30.0,2
2024-17-04 04:13:30,30.0,2
2024-17-04 04:14:00,30.0,2
2024-17-04 04:14:30,30.0,2
2024-17-04 04:15:00,30.0,2
2024-17-04 04:15:30,30.0,2
2024-17-04 04:16:00,30.0,2
2024-17-04 04:16:30,30.0,2
2024-17-04 04:17:00,30.0,2
2024-17-04 04:17:30,30.0,2
2024-17-04 04:18:00,30.0,2
2024-17-04 04:18:30,30.0,2
2024-17-04 04:19:00,30.0,2
2024-17-04 04:19:30,30.0,2
2024-17-04 04:20:00,30.0,2
2024-17-04 04:20:30,30.0,2
2024-17-04 04:21:00,30.0,2
2024-17-04 04:21:30,30.0,3
2024-17-04 04:22:00,30.0,3
2024-17-04 04:22:30,30.0,3
2024-17-04 04:23:00,30.0,3
2024-17-04 04:23:30,30.0,3
2024-17-04 04:24:00,30.0,3
2024-17-04 04:24:30,30.0,3
2024-17-04 04:25:00,30.0,3
2024-17-04 04:25:30,30.0,3
2024-17-04 04:26:00,30.0,3
2024-17-04 04:26:30,30.0,2
2024-17-04 04:27:00,30.0,2
2024-17-04 04:27:30,30.0,2
2024-17-04 04:28:00,30.0,2
2024-17-04 04:28:30,30.0,2
2024-17-04 04:29:00,30.0,2
2024-17-04 04:29:30,30.0,2
2024-17-04 04:30:00,30.0,2
2024-17-04 04:30:30,30.0,2
2024-17-04 04:31:00,30.0,2
2024-17-04 04:31:30,30.0,2
2024-17-04 04:32:00,30.0,2
2024-17-04 04:32:30,30.0,2
2024-17-04 04:33:00,30.0,2
2024-17-04 04:33:30,30.0,2
2024-17-04 04:34:00,30.0,2
2024-17-04 04:34:30,30.0,2
2024-17-04 04:35:00,30.0,2
2024-17-04 04:35:30,30.0,2
2024-17-04 04:36:00,30.0,R
2024-17-04 04:36:30,30.0,R
2024-17-04 04:37:00,30.0,R
2024-17-04 04:37:30,30.0,R
2024-17-04 04:38:00,30.0,R
2024-17-04 04:38:30,30.0,R
2024-17-04 04:39:00,30.0,R
2024-17-04 04:39:30,30.0,R
2024-17-04 04:40:00,30.0,R
2024-17-04 04:40:30,30.0,R
2024-17-04 04:41:00,30.0,R
2024-17-04 04:41:30,30.0,R
2024-17-04 04:42:00,30.0,R
2024-17-04 04:42:30,30.0,R
2024-17-04 04:43:00,30.0,R
2024-17-04 04:43:30,30.0,R
2024-17-04 04:44:00,30.0,R
2024-17-04 04:44:30,30.0,R
2024-17-04 04:45:00,30.0,R
2024-17-04 04:45:30,30.0,R
2024-17-04 04:46:00,30.0,R
2024-17-04 04:46:30,30.0,R
2024-17-04 04:47:00,30.0,R
2024-17-04 04:47:30,30.0,R
2024-17-04 04:48:00,30.0,R
2024-17-04 04:48:30,30.0,R
2024-17-04 04:49:00,30.0,R
2024-17-04 04:49:30,30.0,R
2024-17-04 04:50:00,30.0,R
2024-17-04 04:50:30,30.0,R
2024-17-04 04:51:00,30.0,W
2024-17-04 04:51:30,30.0,W
2024-17-04 04:52:00,30.0,W
2024-17-04 04:52:30,30.0,W
2024-17-04 04:53:00,30.0,W
2024-17-04 04:53:30,30.0,W
2024-17-04 04:54:00,30.0,W
2024-17-04 04:54:30,30.0,1
2024-17-04 04:55:00,30.0,1
2024-17-04 04:55:30,30.0,1
2024-17-04 04:56:00,30.0,1
2024-17-04 04:56:30,30.0,1
2024-17-04 04:57:00,30.0,1
2024-17-04 04:57:30,30.0,1
2024-17-04 04:58:00,30.0,1
2024-17-04 04:58:30,30.0,1
2024-17-04 04:59:00,30.0,2
2024-17-04 04:59:30,30.0,2
2024-17-04 05:00:00,30.0,2
2024-17-04 05:00:30,30.0,2
2024-17-04 05:01:00,30.0,2
2024-17-04 05:01:30,30.0,2
2024-17-04 05:02:00,30.0,2
2024-17-04 05:02:30,30.0,2
2024-17-04 05:03:00,30.0,2
2024-17-04 05:03:30,30.0,2
2024-17-04 05:04:00,30.0,2
2024-17-04 05:04:30,30.0,2
2024-17-04 05:05:00,30.0,2
2024-17-04 05:05:30,30.0,2
2024-17-04 05:06:00,30.0,2
2024-17-04 05:06:30,30.0,2
2024-17-04 05:07:00,30.0,2
2024-17-04 05:07:30,30.0,2
2024-17-04 05:08:00,30.0,2
2024-17-04 05:08:30,30.0,2
2024-17-04 05:09:00,30.0,2
2024-17-04 05:09:30,30.0,2
2024-17-04 05:10:00,30.0,2
2024-17-04 05:10:30,30.0,2
2024-17-04 05:11:00,30.0,2
2024-17-04 05:11:30,30.0,2
2024-17-04 05:12:00,30.0,2
2024-17-04 05:12:30,30.0,2
2024-17-04 05:13:00,30.0,2
2024-17-04 05:13:30,30.0,2
2024-17-04 05:14:00,30.0,2
2024-17-04 05:14:30,30.0,2
2024-17-04 05:15:00,30.0,2
2024-17-04 05:15:30,30.0,3
2024-17-04 05:16:00,30.0,3
2024-17-04 05:16:30,30.0,3
2024-17-04 05:17:00,30.0,3
2024-17-04 05:17:30,30.0,3
2024-17-04 05:18:00,30.0,2
2024-17-04 05:18:30,30.0,2
2024-17-04 05:19:00,30.0,2
2024-17-04 05:19:30,30.0,2
2024-17-04 05:20:00,30.0,2
2024-17-04 05:20:30,30.0,2
2024-17-04 05:21:00,30.0,2
2024-17-04 05:21:30,30.0,2
2024-17-04 05:22:00,30.0,2
2024-17-04 05:22:30,30.0,2
2024-17-04 05:23:00,30.0,2
2024-17-04 05:23:30,30.0,2
2024-17-04 05:24:00,30.0,2
2024-17-04 05:24:30,30.0,2
2024-17-04 05:25:00,30.0,2
2024-17-04 05:25:30,30.0,2
2024-17-04 05:26:00,30.0,2
2024-17-04 05:26:30,30.0,2
2024-17-04 05:27:00,30.0,2
2024-17-04 05:27:30,30.0,R
2024-17-04 05:28:00,30.0,R
2024-17-04 05:28:30,30.0,R
2024-17-04 05:29:00,30.0,R
2024-17-04 05:29:30,30.0,R
2024-17-04 05:30:00,30.0,R
2024-17-04 05:30:30,30.0,R
2024-17-04 05:31:00,30.0,R
2024-17-04 05:31:30,30.0,R
2024-17-04 05:32:00,30.0,R
2024-17-04 05:32:30,30.0,R
2024-17-04 05:33:00,30.0,R
2024-17-04 05:33:30,30.0,R
2024-17-04 05:34:00,30.0,R
2024-17-04 05:34:30,30.0,R
2024-17-04 05:35:00,30.0,R
2024-17-04 05:35:30,30.0,R
2024-17-04 05:36:00,30.0,R
2024-17-04 05:36:30,30.0,R
2024-17-04 05:37:00,30.0,R
2024-17-04 05:37:30,30.0,R
2024-17-04 05:38:00,30.0,R
2024-17-04 05:38:30,30.0,R
2024-17-04 05:39:00,30.0,R
2024-17-04 05:39:30,30.0,R
2024-17-04 05:40:00,30.0,R
2024-17-04 05:40:30,30.0,R
2024-17-04 05:41:00,30.0,R
2024-17-04 05:41:30,30.0,R
2024-17-04 05:42:00,30.0,R
2024-17-04 05:42:30,30.0,W
2024-17-04 05:43:00,30.0,W
2024-17-04 05:43:30,30.0,W
2024-17-04 05:44:00,30.0,W
2024-17-04 05:44:30,30.0,W
2024-17-04 05:45:00,30.0,W
2024-17-04 05:45:30,30.0,W
2024-17-04 05:46:00,30.0,W
2024-17-04 05:46:30,30.0,W
2024-17-04 05:47:00,30.0,W
2024-17-04 05:47:30,30.0,W
2024-17-04 05:48:00,30.0,W
2024-17-04 05:48:30,30.0,W
2024-17-04 05:49:00,30.0,W
2024-17-04 05:49:30,30.0,W
2024-17-04 05:50:00,30.0,W
2024-17-04 05:50:30,30.0,W
2024-17-04 05:51:00,30.0,W
2024-17-04 05:51:30,30.0,W
2024-17-04 05:52:00,30.0,W
2024-17-04 05:52:30,30.0,W
2024-17-04 05:53:00,30.0,W
2024-17-04 05:53:30,30.0,W
2024-17-04 05:54:00,30.0,W
2024-17-04 05:54:30,30.0,W
2024-17-04 05:55:00,30.0,W
2024-17-04 05:55:30,30.0,W
2024-17-04 05:56:00,30.0,W
2024-17-04 05:56:30,30.0,W
2024-17-04 05:57:00,30.0,W
2024-17-04 05:57:30,30.0,W
2024-17-04 05:58:00,30.0,W
2024-17-04 05:58:30,30.0,W
2024-17-04 05:59:00,30.0,W
2024-17-04 05:59:30,30.0,W
2024-17-04 06:00:00,30.0,W
2024-17-04 06:00:30,30.0,W
2024-17-04 06:01:00,30.0,W
2024-17-04 06:01:30,30.0,W
2024-17-04 06:02:00,30.0,W
2024-17-04 06:02:30,30.0,W
2024-17-04 06:03:00,30.0,W
2024-17-04 06:03:30,30.0,W
2024-17-04 06:04:00,30.0,W
2024-17-04 06:04:30,30.0,W
2024-17-04 06:05:00,30.0,W
2024-17-04 06:05:30,30.0,W
2024-17-04 06:06:00,30.0,W
2024-17-04 06:06:30,30.0,W
2024-17-04 06:07:00,30.0,W
2024-17-04 06:07:30,30.0,W
2024-17-04 06:08:00,30.0,W
2024-17-04 06:08:30,30.0,W
2024-17-04 06:09:00,30.0,W
2024-17-04 06:09:30,30.0,W
2024-17-04 06:10:00,30.0,W
2024-17-04 06:10:30,30.0,W
2024-17-04 06:11:00,30.0,W
2024-17-04 06:11:30,30.0,W
2024-17-04 06:12:00,30.0,W
2024-17-04 06:12:30,30.0,W
2024-17-04 06:13:00,30.0,W
2024-17-04 06:13:30,30.0,W
2024-17-04 06:14:00,30.0,W
2024-17-04 06:14:30,30.0,W
2024-17-04 06:15:00,30.0,W
2024-17-04 06:15:30,30.0,W
2024-17-04 06:16:00,30.0,W
2024-17-04 06:16:30,30.0,W
2024-17-04 06:17:00,30.0,W
2024-17-04 06:17:30,30.0,W
2024-17-04 06:18:00,30.0,W
2024-17-04 06:18:30,30.0,W
2024-17-04 06:19:00,30.0,W
2024-17-04 06:19:30,30.0,W
2024-17-04 06:20:00,30.0,W
2024-17-04 06:20:30,30.0,W
2024-17-04 06:21:00,30.0,W
2024-17-04 06:21:30,30.0,W
2024-17-04 06:22:00,30.0,W
2024-17-04 06:22:30,30.0,W
2024-17-04 06:23:00,30.0,W
2024-17-04 06:23:30,30.0,W
2024-17-04 06:24:00,30.0,W
2024-17-04 06:24:30,30.0,W
2024-17-04 06:25:00,30.0,W
2024-17-04 06:25:30,30.0,W
2024-17-04 06:26:00,30.0,W
2024-17-04 06:26:30,30.0,W
2024-17-04 06:27:00,30.0,W
2024-17-04 06:27:30,30.0,W
2024-17-04 06:28:00,30.0,W
2024-17-04 06:28:30,30.0,W
2024-17-04 06:29:00,30.0,W
2024-17-04 06:29:30,30.0,W
2024-17-04 06:30:00,30.0,W
2024-17-04 06:30:30,30.0,W
2024-17-04 06:31:00,30.0,W
2024-17-04 06:31:30,30.0,W
2024-17-04 06:32:00,30.0,W
2024-17-04 06:32:30,30.0,W
2024-17-04 06:33:00,30.0,W
2024-17-04 06:33:30,30.0,W
2024-17-04 06:34:00,30.0,W
2024-17-04 06:34:30,30.0,W
2024-17-04 06:35:00,30.0,W
2024-17-04 06:35:30,30.0,W
2024-17-04 06:36:00,30.0,W
2024-17-04 06:36:30,30.0,W
2024-17-04 06:37:00,30.0,W
2024-17-04 06:37:30,30.0,W
2024-17-04 06:38:00,30.0,W
2024-17-04 06:38:30,30.0,W
2024-17-04 06:39:00,30.0,W
2024-17-04 06:39:30,30.0,W
2024-17-04 06:40:00,30.0,W
2024-17-04 06:40:30,30.0,W
2024-17-04 06:41:00,30.0,W
2024-17-04 06:41:30,30.0,W
2024-17-04 06:42:00,30.0,W
2024-17-04 06:42:30,30.0,W
2024-17-04 06:43:00,30.0,W
2024-17-04 06:43:30,30.0,W
2024-17-04 06:44:00,30.0,W
2024-17-04 06:44:30,30.0,W
2024-17-04 06:45:00,30.0,W
2024-17-04 06:45:30,30.0,W
2024-17-04 06:46:00,30.0,W
2024-17-04 06:46:30,30.0,W
2024-17-04 06:47:00,30.0,W
2024-17-04 06:47:30,30.0,W
2024-17-04 06:48:00,30.0,W
2024-17-04 06:48:30,30.0,W
2024-17-04 06:49:00,30.0,W
2024-17-04 06:49:30,30.0,W
2024-17-04 06:50:00,30.0,W
2024-17-04 06:50:30,30.0,W
2024-17-04 06:51:00,30.0,W
2024-17-04 06:51:30,30.0,W
2024-17-04 06:52:00,30.0,W
2024-17-04 06:52:30,30.0,W
2024-17-04 06:53:00,30.0,W
2024-17-04 06:53:30,30.0,W
2024-17-04 06:54:00,30.0,W
2024-17-04 06:54:30,30.0,W
2024-17-04 06:55:00,30.0,W
2024-17-04 06:55:30,30.0,W
2024-17-04 06:56:00,30.0,W
2024-17-04 06:56:30,30.0,W
2024-17-04 06:57:00,30.0,W
2024-17-04 06:57:30,30.0,W
2024-17-04 06:58:00,30.0,W
2024-17-04 06:58:30,30.0,W
2024-17-04 06:59:00,30.0,W
2024-17-04 06:59:30,30.0,W
2024-17-04 07:00:00,30.0,W
2024-17-04 07:00:30,30.0,W
2024-17-04 07:01:00,30.0,W
2024-17-04 07:01:30,30.0,W
2024-17-04 07:02:00,30.0,W
2024-17-04 07:02:30,30.0,W
2024-17-04 07:03:00,30.0,W
2024-17-04 07:03:30,30.0,W
2024-17-04 07:04:00,30.0,W
2024-17-04 07:04:30,30.0,W
2024-17-04 07:05:00,30.0,W
2024-17-04 07:05:30,30.0,W
2024-17-04 07:06:00,30.0,W
2024-17-04 07:06:30,30.0,W
2024-17-04 07:07:00,30.0,W
2024-17-04 07:07:30,30.0,W
2024-17-04 07:08:00,30.0,W
2024-17-04 07:08:30,30.0,W
2024-17-04 07:09:00,30.0,W
2024-17-04 07:09:30,30.0,W
2024-17-04 07:10:00,30.0,W
2024-17-04 07:10:30,30.0,W
2024-17-04 07:11:00,30.0,W
2024-17-04 07:11:30,30.0,W
2024-17-04 07:12:00,30.0,W
2024-17-04 07:12:30,30.0,W
2024-17-04 07:13:00,30.0,W
2024-17-04 07:13:30,30.0,W
2024-17-04 07:14:00,30.0,W
2024-17-04 07:14:30,30.0,W
2024-17-04 07:15:00,30.0,W
2024-17-04 07:15:30,30.0,W
2024-17-04 07:16:00,30.0,W
2024-17-04 07:16:30,30.0,W
2024-17-04 07:17:00,30.0,W
2024-17-04 07:17:30,30.0,W
2024-17-04 07:18:00,30.0,W
2024-17-04 07:18:30,30.0,W
2024-17-04 07:19:00,30.0,W
2024-17-04 07:19:30,30.0,W
2024-17-04 07:20:00,30.0,W
2024-17-04 07:20:30,30.0,W
2024-17-04 07:21:00,30.0,W
2024-17-04 07:21:30,30.0,W
2024-17-04 07:22:00,30.0,W
2024-17-04 07:22:30,30.0,W
2024-17-04 07:23:00,30.0,W
2024-17-04 07:23:30,30.0,W
2024-17-04 07:24:00,30.0,W
2024-17-04 07:24:30,30.0,W
2024-17-04 07:25:00,30.0,W
2024-17-04 07:25:30,30.0,W
2024-17-04 07:26:00,30.0,W
2024-17-04 07:26:30,30.0,W
2024-17-04 07:27:00,30.0,W
2024-17-04 07:27:30,30.0,W
2024-17-04 07:28:00,30.0,W
2024-17-04 07:28:30,30.0,W
2024-17-04 07:29:00,30.0,W
2024-17-04 07:29:30,30.0,W
2024-17-04 07:30:00,30.0,W
2024-17-04 07:30:30,30.0,W
2024-17-04 07:31:00,30.0,W
2024-17-04 07:31:30,30.0,W
2024-17-04 07:32:00,30.0,W
2024-17-04 07:32:30,30.0,W
2024-17-04 07:33:00,30.0,W
2024-17-04 07:33:30,30.0,W
2024-17-04 07:34:00,30.0,W
2024-17-04 07:34:30,30.0,W
2024-17-04 07:35:00,30.0,W
2024-17-04 07:35:30,30.0,W
2024-17-04 07:36:00,30.0,W
2024-17-04 07:36:30,30.0,W
2024-17-04 07:37:00,30.0,W
2024-17-04 07:37:30,30.0,W
2024-17-04 07:38:00,30.0,W
2024-17-04 07:38:30,30.0,W
2024-17-04 07:39:00,30.0,W
2024-17-04 07:39:30,30.0,W
2024-17-04 07:40:00,30.0,W
2024-17-04 07:40:30,30.0,W
2024-17-04 07:41:00,30.0,W
2024-17-04 07:41:30,30.0,W
2024-17-04 07:42:00,30.0,W
2024-17-04 07:42:30,30.0,W
2024-17-04 07:43:00,30.0,W
2024-17-04 07:43:30,30.0,W
2024-17-04 07:44:00,30.0,W
2024-17-04 07:44:30,30.0,W
2024-17-04 07:45:00,30.0,W
2024-17-04 07:45:30,30.0,W
2024-17-04 07:46:00,30.0,W
2024-17-04 07:46:30,30.0,W
2024-17-04 07:47:00,30.0,W
2024-17-04 07:47:30,30.0,W
2024-17-04 07:48:00,30.0,W
2024-17-04 07:48:30,30.0,W
2024-17-04 07:49:00,30.0,W
2024-17-04 07:49:30,30.0,W
2024-17-04 07:50:00,30.0,W
2024-17-04 07:50:30,30.0,W
2024-17-04 07:51:00,30.0,W
2024-17-04 07:51:30,30.0,W
2024-17-04 07:52:00,30.0,W
2024-17-04 07:52:30,30.0,W
2024-17-04 07:53:00,30.0,W
2024-17-04 07:53:30,30.0,W
2024-17-04 07:54:00,30.0,W
2024-17-04 07:54:30,30.0,W
2024-17-04 07:55:00,30.0,W
2024-17-04 07:55:30,30.0,W
2024-17-04 07:56:00,30.0,W
2024-17-04 07:56:30,30.0,W
2024-17-04 07:57:00,30.0,W
2024-17-04 07:57:30,30.0,W
2024-17-04 07:58:00,30.0,W
2024-17-04 07:58:30,30.0,W
2024-17-04 07:59:00,30.0,W
2024-17-04 07:59:30,30.0,W
